Id,Name,Category,Price,Model,Tags,Specifications,ShippingWeight,Dimensions,ImageURL
1,Product1,Cat-1,100.45,MXC-3952,Product | Cat-1,Spec-1,50,23x45,https://image.com/img2132
2,Product2,Cat-2,23.53,MXC-3953,Product | Cat-2,Spec-2,30,34x24,https://image.com/img2133
3,Product3,Cat-3,373.35,MXC-3954,Product | Cat-3,Spec-3,35,22x32,https://image.com/img2134
4,Product4,Cat-4,438.6766667,MXC-3955,Product | Cat-4,Spec-4,23.33,23x46,https://image.com/img2135
5,Product5,Cat-5,575.1266667,MXC-3956,Product | Cat-5,Spec-5,15.83,34x25,https://image.com/img2136
6,Product6,Cat-6,711.5766667,MXC-3957,Product | Cat-6,Spec-6,8.33,22x33,https://image.com/img2137
7,Product7,Cat-7,848.0266667,MXC-3958,Product | Cat-7,Spec-7,0.83,23x47,https://image.com/img2138
8,Product8,Cat-8,984.4766667,MXC-3959,Product | Cat-8,Spec-8,6.66,34x26,https://image.com/img2139
9,Product9,Cat-9,1120.926667,MXC-3960,Product | Cat-9,Spec-9,14.16,22x34,https://image.com/img2140
10,Product10,Cat-10,1257.376667,MXC-3961,Product | Cat-10,Spec-10,21.66,23x48,https://image.com/img2141
11,Product11,Cat-11,1393.826667,MXC-3962,Product | Cat-11,Spec-11,29.16,34x27,https://image.com/img2142
12,Product12,Cat-12,1530.276667,MXC-3963,Product | Cat-12,Spec-12,36.66,22x35,https://image.com/img2143
13,Product13,Cat-13,1666.726667,MXC-3964,Product | Cat-13,Spec-13,44.16,23x49,https://image.com/img2144
14,Product14,Cat-14,1803.176667,MXC-3965,Product | Cat-14,Spec-14,51.66,34x28,https://image.com/img2145
15,Product15,Cat-15,1939.626667,MXC-3966,Product | Cat-15,Spec-15,59.16,22x36,https://image.com/img2146
16,Product16,Cat-16,2076.076667,MXC-3967,Product | Cat-16,Spec-16,66.66,23x50,https://image.com/img2147
17,Product17,Cat-17,2212.526667,MXC-3968,Product | Cat-17,Spec-17,74.16,34x29,https://image.com/img2148
18,Product18,Cat-18,2348.976667,MXC-3969,Product | Cat-18,Spec-18,81.66,22x36,https://image.com/img2149
19,Product19,Cat-19,2485.426667,MXC-3970,Product | Cat-19,Spec-19,89.16,23x50,https://image.com/img2150
20,Product20,Cat-20,2621.876667,MXC-3971,Product | Cat-20,Spec-20,96.66,34x29,https://image.com/img2151
21,Product21,Cat-21,2758.326667,MXC-3972,Product | Cat-21,Spec-21,104.16,22x37,https://image.com/img2152
22,Product22,Cat-22,2894.776667,MXC-3973,Product | Cat-22,Spec-22,111.66,23x51,https://image.com/img2153
23,Product23,Cat-23,3031.226667,MXC-3974,Product | Cat-23,Spec-23,119.16,34x30,https://image.com/img2154
24,Product24,Cat-24,3167.676667,MXC-3975,Product | Cat-24,Spec-24,126.66,22x37,https://image.com/img2155
25,Product25,Cat-25,3304.126667,MXC-3976,Product | Cat-25,Spec-25,134.16,23x51,https://image.com/img2156
26,Product26,Cat-26,3440.576667,MXC-3977,Product | Cat-26,Spec-26,141.66,34x30,https://image.com/img2157
27,Product27,Cat-27,3577.026667,MXC-3978,Product | Cat-27,Spec-27,149.16,22x38,https://image.com/img2158
28,Product28,Cat-28,3713.476667,MXC-3979,Product | Cat-28,Spec-28,156.66,23x52,https://image.com/img2159
29,Product29,Cat-29,3849.926667,MXC-3980,Product | Cat-29,Spec-29,164.16,34x31,https://image.com/img2160
30,Product30,Cat-30,3986.376667,MXC-3981,Product | Cat-30,Spec-30,171.66,22x38,https://image.com/img2161
31,Product31,Cat-31,4122.826667,MXC-3982,Product | Cat-31,Spec-31,179.16,23x52,https://image.com/img2162
32,Product32,Cat-32,4259.276667,MXC-3983,Product | Cat-32,Spec-32,186.66,34x31,https://image.com/img2163
33,Product33,Cat-33,4395.726667,MXC-3984,Product | Cat-33,Spec-33,194.16,22x39,https://image.com/img2164
34,Product34,Cat-34,4532.176667,MXC-3985,Product | Cat-34,Spec-34,201.66,23x53,https://image.com/img2165
35,Product35,Cat-35,4668.626667,MXC-3986,Product | Cat-35,Spec-35,209.16,34x32,https://image.com/img2166
36,Product36,Cat-36,4805.076667,MXC-3987,Product | Cat-36,Spec-36,216.66,22x39,https://image.com/img2167
37,Product37,Cat-37,4941.526667,MXC-3988,Product | Cat-37,Spec-37,224.16,23x53,https://image.com/img2168
38,Product38,Cat-38,5077.976667,MXC-3989,Product | Cat-38,Spec-38,231.66,34x32,https://image.com/img2169
39,Product39,Cat-39,5214.426667,MXC-3990,Product | Cat-39,Spec-39,239.16,22x40,https://image.com/img2170
40,Product40,Cat-40,5350.876667,MXC-3991,Product | Cat-40,Spec-40,246.66,23x54,https://image.com/img2171
41,Product41,Cat-41,5487.326667,MXC-3992,Product | Cat-41,Spec-41,254.16,34x33,https://image.com/img2172
42,Product42,Cat-42,5623.776667,MXC-3993,Product | Cat-42,Spec-42,261.66,22x40,https://image.com/img2173
43,Product43,Cat-43,5760.226667,MXC-3994,Product | Cat-43,Spec-43,269.16,23x54,https://image.com/img2174
44,Product44,Cat-44,5896.676667,MXC-3995,Product | Cat-44,Spec-44,276.66,34x33,https://image.com/img2175
45,Product45,Cat-45,6033.126667,MXC-3996,Product | Cat-45,Spec-45,284.16,22x41,https://image.com/img2176
46,Product46,Cat-46,6169.576667,MXC-3997,Product | Cat-46,Spec-46,291.66,23x55,https://image.com/img2177
47,Product47,Cat-47,6306.026667,MXC-3998,Product | Cat-47,Spec-47,299.16,34x34,https://image.com/img2178
48,Product48,Cat-48,6442.476667,MXC-3999,Product | Cat-48,Spec-48,306.66,22x41,https://image.com/img2179
49,Product49,Cat-49,6578.926667,MXC-4000,Product | Cat-49,Spec-49,314.16,23x55,https://image.com/img2180
50,Product50,Cat-50,6715.376667,MXC-4001,Product | Cat-50,Spec-50,321.66,34x34,https://image.com/img2181
